-- ============================================
-- SEHO 목업 데이터 시드 - Supabase SQL Editor에서 한 번에 실행
-- ============================================
-- 사용법: Supabase Dashboard > SQL Editor > 새 쿼리 > 전체 복사 붙여넣기 > Run
-- 주의: 기존 데이터가 있으면 ON CONFLICT로 건너뜀. 완전 초기화하려면 아래 주석 해제 후 실행
-- ============================================

-- [선택] 기존 시드 데이터 전부 삭제 후 삽입하려면 아래 4줄 주석 해제
-- TRUNCATE comments, posts, categories, blogs RESTART IDENTITY CASCADE;
-- DELETE FROM users WHERE id IN (
--   '00000000-0000-0000-0000-000000000001','00000000-0000-0000-0000-000000000002','00000000-0000-0000-0000-000000000003','00000000-0000-0000-0000-000000000004','00000000-0000-0000-0000-000000000005'
-- );

-- ============================================
-- 1. 사용자 (users)
-- ============================================
INSERT INTO users (id, username, nickname, email, profile_image, bio, role, created_at) VALUES
('00000000-0000-0000-0000-000000000001', 'admin', '관리자', 'admin@ch0435.com', 'https://images.unsplash.com/photo-1472099645785-5658abf4ff4e?w=120&h=120&fit=crop', '세호 플랫폼 관리자입니다.', 'ADMIN', '2025-01-01T00:00:00Z'),
('00000000-0000-0000-0000-000000000002', 'writer1', '카페지기', 'writer1@ch0435.com', 'https://images.unsplash.com/photo-1494790108377-be9c29b29330?w=120&h=120&fit=crop', '세렌 카페의 작성자입니다.', 'WRITER', '2025-01-15T00:00:00Z'),
('00000000-0000-0000-0000-000000000003', 'writer2', 'CPA전문가', 'writer2@ch0435.com', 'https://images.unsplash.com/photo-1507003211169-0a1dd7228f2d?w=120&h=120&fit=crop', '회계 전문 컨텐츠를 작성합니다.', 'WRITER', '2025-01-20T00:00:00Z'),
('00000000-0000-0000-0000-000000000004', 'writer3', '스윙러', NULL, 'https://images.unsplash.com/photo-1438761681033-6461ffad8d80?w=120&h=120&fit=crop', '자유롭게 생각을 나눕니다.', 'WRITER', '2025-02-01T00:00:00Z'),
('00000000-0000-0000-0000-000000000005', 'booklover', '책벌레', NULL, 'https://images.unsplash.com/photo-1500648767791-00dcc994a43e?w=120&h=120&fit=crop', '책과 이야기를 사랑합니다.', 'WRITER', '2025-02-05T00:00:00Z')
ON CONFLICT (id) DO NOTHING;

-- ============================================
-- 2. 블로그 (blogs)
-- ============================================
INSERT INTO blogs (id, slug, name, name_ko, description, cover_image, primary_color, created_at) VALUES
('10000000-0000-0000-0000-000000000001', 'serein-cafe', 'Serein Cafe', '세렌 카페', '다양한 작성자가 참여하는 따뜻한 블로그 공간입니다.', 'https://images.unsplash.com/photo-1495474472287-4d71bcdd2085?w=800&h=500&fit=crop', '#D97706', NOW()),
('10000000-0000-0000-0000-000000000002', 'studio-cpa', 'Studio CPA', '스튜디오 CPA', '회계 전문가들의 지식을 공유하는 공간입니다.', 'https://images.unsplash.com/photo-1554224155-6726b3ff858f?w=800&h=500&fit=crop', '#2563EB', NOW()),
('10000000-0000-0000-0000-000000000003', 'swing-company', 'Swing Company', '스윙 컴퍼니', '자유로운 생각과 이야기를 나누는 게시판 형태의 블로그입니다.', 'https://images.unsplash.com/photo-1522202176988-66273c2fd55f?w=800&h=500&fit=crop', '#059669', NOW()),
('10000000-0000-0000-0000-000000000004', 'bookstore', 'Bookstore (Story Cellar)', '북스토어 (스토리 셀러)', '책과 이야기가 있는 특별한 공간입니다.', 'https://images.unsplash.com/photo-1507842217343-583bb7270b66?w=800&h=500&fit=crop', '#7C3AED', NOW())
ON CONFLICT (slug) DO NOTHING;

-- ============================================
-- 3. 카테고리 (categories)
-- ============================================
INSERT INTO categories (id, name, name_ko, blog_id, parent_id, created_at) VALUES
('20000000-0000-0000-0000-000000000001', 'Hostmade', '홈메이드', '10000000-0000-0000-0000-000000000001', NULL, NOW()),
('20000000-0000-0000-0000-000000000002', 'Potluck', '포틀럭', '10000000-0000-0000-0000-000000000001', NULL, NOW()),
('20000000-0000-0000-0000-000000000003', 'Catered event', '케이터링 이벤트', '10000000-0000-0000-0000-000000000001', NULL, NOW()),
('20000000-0000-0000-0000-000000000004', 'Accounting', '회계학', '10000000-0000-0000-0000-000000000002', NULL, NOW()),
('20000000-0000-0000-0000-000000000005', 'Financial Accounting', '재무회계', '10000000-0000-0000-0000-000000000002', '20000000-0000-0000-0000-000000000004', NOW()),
('20000000-0000-0000-0000-000000000006', 'Cost Accounting', '원가회계', '10000000-0000-0000-0000-000000000002', '20000000-0000-0000-0000-000000000005', NOW()),
('20000000-0000-0000-0000-000000000007', 'Management Accounting', '관리회계', '10000000-0000-0000-0000-000000000002', '20000000-0000-0000-0000-000000000005', NOW()),
('20000000-0000-0000-0000-000000000008', 'Tax Accounting', '세무회계', '10000000-0000-0000-0000-000000000002', '20000000-0000-0000-0000-000000000004', NOW()),
('20000000-0000-0000-0000-000000000009', 'Fiction', '소설', '10000000-0000-0000-0000-000000000004', NULL, NOW()),
('20000000-0000-0000-0000-000000000010', 'Non-Fiction', '논픽션', '10000000-0000-0000-0000-000000000004', NULL, NOW()),
('20000000-0000-0000-0000-000000000011', 'Reviews', '서평', '10000000-0000-0000-0000-000000000004', NULL, NOW())
ON CONFLICT (blog_id, name) DO NOTHING;

-- ============================================
-- 4. 포스트 (posts)
-- ============================================
INSERT INTO posts (id, title, slug, content, excerpt, author_id, blog_id, category_id, tags, status, views, thumbnail_image, created_at) VALUES
('30000000-0000-0000-0000-000000000001', '완벽한 홈메이드 브런치 레시피', 'perfect-homemade-brunch-recipe', '주말 아침, 집에서 만드는 특별한 브런치 레시피를 소개합니다.

## 재료
- 계란 3개
- 베이컨 4줄
- 빵 2조각
- 토마토 1개

## 만드는 법
1. 팬을 달궈주세요.
2. 베이컨을 노릇하게 구워주세요.
3. 계란을 프라이로 만들어주세요.
4. 빵을 토스트해서 함께 담아내면 완성!', '주말 아침, 집에서 만드는 특별한 브런치 레시피를 소개합니다. 계란, 베이컨, 빵으로 만드는 간단하지만 맛있는 브런치...', '00000000-0000-0000-0000-000000000002', '10000000-0000-0000-0000-000000000001', '20000000-0000-0000-0000-000000000001', ARRAY['레시피', '브런치', '홈메이드'], 'PUBLISHED', 245, 'https://images.unsplash.com/photo-1533089860892-a7c6f0a88666?w=600&h=400&fit=crop', '2026-02-10T09:30:00Z'),
('30000000-0000-0000-0000-000000000002', '재무회계의 기초: 복식부기의 이해', 'understanding-double-entry-bookkeeping', '# 복식부기란?
복식부기는 모든 거래를 차변과 대변으로 나누어 기록하는 방법입니다.

## 차변과 대변
- 차변(Debit): 자산의 증가, 부채의 감소, 비용의 발생
- 대변(Credit): 자산의 감소, 부채의 증가, 수익의 발생

## 분개의 예시
현금으로 상품을 구입한 경우:
(차변) 상품 100,000 / (대변) 현금 100,000', '복식부기는 모든 거래를 차변과 대변으로 나누어 기록하는 방법입니다. 회계의 가장 기본이 되는 원리를 쉽게 설명합니다.', '00000000-0000-0000-0000-000000000003', '10000000-0000-0000-0000-000000000002', '20000000-0000-0000-0000-000000000005', ARRAY['회계', '복식부기', '재무회계'], 'PUBLISHED', 189, 'https://images.unsplash.com/photo-1454165804606-c3d57bc86b40?w=600&h=400&fit=crop', '2026-02-09T14:20:00Z'),
('30000000-0000-0000-0000-000000000003', '오늘의 단상: 봄이 오는 소리', 'spring-is-coming', '창밖을 보니 봄이 오고 있다.
새들이 지저귀고, 나무에 새싹이 돋아나기 시작했다.
겨울이 길었지만, 이제 봄이다.
모든 것이 새로워지는 계절.
우리도 새로운 마음으로 시작해보자.', '창밖을 보니 봄이 오고 있다. 새들이 지저귀고, 나무에 새싹이 돋아나기 시작했다...', '00000000-0000-0000-0000-000000000004', '10000000-0000-0000-0000-000000000003', NULL, ARRAY['일상', '봄', '단상'], 'PUBLISHED', 432, NULL, '2026-02-11T18:45:00Z'),
('30000000-0000-0000-0000-000000000004', '최근 읽은 책: 밤의 문턱', 'book-review-night-threshold', '# 밤의 문턱
작가: 김소연

## 감상
시집이지만 소설처럼 읽힌다. 각 시마다 하나의 이야기가 담겨 있고, 그 이야기들이 모여 더 큰 이야기를 만든다.
특히 "밤의 문턱에서" 라는 시가 인상적이었다.
평점: 5/5', '시집이지만 소설처럼 읽힌다. 각 시마다 하나의 이야기가 담겨 있고, 그 이야기들이 모여 더 큰 이야기를 만든다...', '00000000-0000-0000-0000-000000000005', '10000000-0000-0000-0000-000000000004', '20000000-0000-0000-0000-000000000011', ARRAY['시집', '서평', '김소연'], 'PUBLISHED', 167, 'https://images.unsplash.com/photo-1512820790803-83ca734da794?w=600&h=400&fit=crop', '2026-02-08T16:00:00Z'),
('30000000-0000-0000-0000-000000000005', '포틀럭 파티 준비 완벽 가이드', 'potluck-party-guide', '포틀럭 파티를 준비하시나요? 완벽한 포틀럭을 위한 팁을 공유합니다.
메뉴 선택, 준비물, 알레르기 정보 공유 등 포틀럭 파티 성공 꿀팁.', '포틀럭 파티를 준비하시나요? 완벽한 포틀럭을 위한 팁을 공유합니다. 메뉴 선택부터 준비물까지...', '00000000-0000-0000-0000-000000000002', '10000000-0000-0000-0000-000000000001', '20000000-0000-0000-0000-000000000002', ARRAY['포틀럭', '파티', '준비'], 'PUBLISHED', 312, 'https://images.unsplash.com/photo-1555939594-58d7cb561ad1?w=600&h=400&fit=crop', '2026-02-11T10:15:00Z'),
('30000000-0000-0000-0000-000000000006', '원가회계: 제조원가의 구성', 'manufacturing-cost-components', '# 제조원가의 구성
제조원가는 크게 3가지로 구성됩니다.
1. 직접재료비 2. 직접노무비 3. 제조간접비', '제조원가는 크게 3가지로 구성됩니다. 직접재료비, 직접노무비, 제조간접비에 대해 알아봅니다.', '00000000-0000-0000-0000-000000000003', '10000000-0000-0000-0000-000000000002', '20000000-0000-0000-0000-000000000006', ARRAY['원가회계', '제조원가', '회계'], 'PUBLISHED', 156, NULL, '2026-02-07T11:00:00Z'),
('30000000-0000-0000-0000-000000000007', '오늘 아침의 커피', 'today-morning-coffee', '오늘 아침, 새로운 원두를 샀다. 에티오피아 예가체프. 향이 정말 좋다. 꽃향기와 과일향이 섞여 있다. 아침을 여는 완벽한 커피.', '오늘 아침, 새로운 원두를 샀다. 에티오피아 예가체프. 향이 정말 좋다...', '00000000-0000-0000-0000-000000000004', '10000000-0000-0000-0000-000000000003', NULL, ARRAY['커피', '일상', '아침'], 'PUBLISHED', 523, NULL, '2026-02-12T08:30:00Z'),
('30000000-0000-0000-0000-000000000008', '케이터링 이벤트 성공 사례: 기업 행사', 'catering-event-success-case', '지난주 진행한 기업 행사 케이터링 후기입니다. 100명 규모 행사, 메뉴 확정부터 당일 세팅까지. 고객 만족도 98%!', '지난주 진행한 기업 행사 케이터링 후기입니다. 100명 규모의 행사를 성공적으로 마쳤습니다.', '00000000-0000-0000-0000-000000000002', '10000000-0000-0000-0000-000000000001', '20000000-0000-0000-0000-000000000003', ARRAY['케이터링', '이벤트', '기업행사'], 'PUBLISHED', 278, NULL, '2026-02-06T15:30:00Z')
ON CONFLICT (blog_id, slug) DO NOTHING;

-- ============================================
-- 5. 댓글 (comments)
-- ============================================
INSERT INTO comments (id, post_id, author_id, content, created_at) VALUES
('40000000-0000-0000-0000-000000000001', '30000000-0000-0000-0000-000000000001', '00000000-0000-0000-0000-000000000004', '레시피 정말 좋네요! 주말에 꼭 만들어봐야겠어요.', '2026-02-10T10:15:00Z'),
('40000000-0000-0000-0000-000000000002', '30000000-0000-0000-0000-000000000001', '00000000-0000-0000-0000-000000000005', '베이컨은 어떤 브랜드 쓰시나요?', '2026-02-10T11:30:00Z'),
('40000000-0000-0000-0000-000000000003', '30000000-0000-0000-0000-000000000002', '00000000-0000-0000-0000-000000000002', '복식부기 설명 이해하기 쉽게 잘 써주셨네요. 감사합니다!', '2026-02-09T15:00:00Z'),
('40000000-0000-0000-0000-000000000004', '30000000-0000-0000-0000-000000000003', '00000000-0000-0000-0000-000000000002', '봄이 오니 기분이 좋아지네요 ㅎㅎ', '2026-02-11T19:00:00Z'),
('40000000-0000-0000-0000-000000000005', '30000000-0000-0000-0000-000000000003', '00000000-0000-0000-0000-000000000005', '글 잘 읽었습니다. 저도 봄이 기다려져요.', '2026-02-11T20:15:00Z')
ON CONFLICT (id) DO NOTHING;
